Fecha_Acc,Dia_semana,ANTONIO NARIÃ‘O,BARRIOS UNIDOS,BOSA,CANDELARIA,CHAPINERO,CIUDAD BOLIVAR,ENGATIVA,FONTIBON,KENNEDY,LOS MARTIRES,PUENTE ARANDA,RAFAEL URIBE URIBE,SAN CRISTOBAL,SANTA FE,SUBA,SUMAPAZ,TEUSAQUILLO,TUNJUELITO,USAQUEN,USME
2023-01-01,Sunday,0,2,6,0,0,3,5,0,11,1,9,10,0,3,9,0,0,0,0,2
2023-01-02,Monday,8,0,7,0,2,2,8,9,10,2,5,0,0,2,3,0,1,3,0,0
2023-01-03,Tuesday,4,2,5,0,0,2,3,10,7,0,4,0,2,0,9,0,2,2,4,0
2023-01-04,Wednesday,2,0,5,0,0,2,8,3,7,4,6,2,0,1,12,0,0,7,4,4
2023-01-05,Thursday,0,6,3,0,7,0,6,9,6,4,3,6,0,5,5,0,1,4,5,9
2023-01-06,Friday,0,7,0,0,0,2,12,2,11,0,5,2,3,2,6,0,7,3,3,0
2023-01-07,Saturday,0,0,3,0,0,2,5,2,11,12,2,6,2,2,10,0,3,2,0,5
2023-01-08,Sunday,5,0,6,0,0,0,2,0,11,0,3,0,2,4,4,0,2,0,2,0
2023-01-09,Monday,0,9,4,0,3,4,0,3,6,3,0,4,0,0,6,0,1,3,0,8
2023-01-10,Tuesday,4,5,2,0,2,2,3,2,10,2,10,0,5,0,7,0,3,5,11,0
2023-01-11,Wednesday,0,4,2,0,0,3,6,2,13,2,3,0,4,3,1,0,3,0,4,2
2023-01-12,Thursday,3,4,0,0,3,0,3,7,4,4,7,2,6,2,5,0,5,0,2,0
2023-01-13,Friday,0,0,4,0,3,2,20,16,15,4,2,7,7,5,2,0,7,6,0,2
2023-01-14,Saturday,9,0,7,0,4,5,13,13,20,5,8,2,4,1,6,0,6,4,6,2
2023-01-15,Sunday,0,4,3,0,0,2,4,9,2,2,12,1,2,1,13,0,0,0,7,5
2023-01-16,Monday,2,2,19,0,2,7,17,9,17,0,6,0,5,0,6,0,0,4,3,2
2023-01-17,Tuesday,0,11,9,0,0,3,2,2,12,2,8,0,5,0,5,0,3,2,9,0
2023-01-18,Wednesday,0,3,7,0,0,5,4,3,14,0,7,0,6,3,10,0,4,2,0,5
2023-01-19,Thursday,2,6,5,0,2,0,16,5,14,2,0,4,4,2,5,0,9,2,5,0
2023-01-20,Friday,2,3,21,2,0,4,11,10,18,3,7,0,6,0,5,0,12,7,7,9
2023-01-21,Saturday,5,2,10,0,9,3,3,3,3,3,9,2,3,3,6,0,6,0,9,0
2023-01-22,Sunday,0,6,8,0,4,2,7,0,10,0,0,4,0,1,5,0,10,5,0,0
2023-01-23,Monday,3,10,5,0,0,2,9,5,20,0,9,12,4,7,13,0,0,3,2,2
2023-01-24,Tuesday,8,1,0,0,2,4,2,9,7,0,7,6,0,6,2,0,3,3,0,0
2023-01-25,Wednesday,5,9,3,0,2,9,3,2,8,2,9,4,0,7,2,0,5,4,0,5
2023-01-26,Thursday,9,3,4,0,4,3,6,6,13,0,1,5,2,0,4,0,3,2,4,2
2023-01-27,Friday,2,0,14,2,6,0,13,4,4,0,7,4,2,0,11,0,18,0,4,6
2023-01-28,Saturday,0,3,10,0,6,3,16,0,13,1,9,6,5,6,23,0,14,4,2,11
2023-01-29,Sunday,1,6,5,0,0,4,6,4,12,0,3,8,7,0,13,0,0,0,7,3
2023-01-30,Monday,0,2,8,0,7,1,6,2,21,2,4,4,0,1,17,0,0,11,14,4
2023-01-31,Tuesday,0,4,18,0,6,2,10,10,15,0,11,3,10,0,4,0,7,4,7,4
2023-02-01,Wednesday,0,2,9,3,2,4,13,4,14,3,6,6,9,2,12,0,10,4,1,0
2023-02-02,Thursday,3,0,6,0,2,2,2,4,10,0,11,0,2,3,4,0,2,0,4,1
2023-02-03,Friday,8,3,7,0,8,5,10,6,12,3,17,2,8,3,11,0,15,4,2,2
2023-02-04,Saturday,0,9,9,0,4,2,7,9,8,2,5,11,0,3,9,0,6,10,10,3
2023-02-05,Sunday,0,0,6,0,3,5,8,6,8,4,1,7,3,0,4,0,5,0,2,7
2023-02-06,Monday,2,0,3,0,3,2,6,0,19,0,7,8,9,6,4,0,2,3,9,7
2023-02-07,Tuesday,5,1,15,2,7,9,6,5,18,4,18,0,5,2,2,0,4,4,2,2
2023-02-08,Wednesday,6,2,6,2,5,14,12,10,4,0,14,6,0,5,14,0,9,6,2,11
2023-02-09,Thursday,0,5,2,0,2,9,14,9,19,2,10,2,0,4,2,0,3,2,0,2
2023-02-10,Friday,4,3,18,0,3,3,15,6,12,7,5,2,4,1,7,0,13,3,9,3
2023-02-11,Saturday,2,0,15,0,3,4,7,5,24,0,13,4,3,5,6,0,2,2,3,2
2023-02-12,Sunday,0,0,2,3,4,0,8,2,9,0,4,12,2,5,8,0,0,0,2,0
2023-02-13,Monday,2,0,7,0,1,2,17,4,22,9,14,6,0,6,10,0,0,2,4,0
2023-02-14,Tuesday,4,1,19,0,5,7,7,2,18,0,5,1,7,2,12,0,7,4,3,0
2023-02-15,Wednesday,4,5,8,0,8,2,15,10,20,9,11,6,2,1,12,0,2,0,2,7
2023-02-16,Thursday,0,2,12,0,0,6,8,6,23,12,8,5,2,3,4,0,2,0,5,5
2023-02-17,Friday,2,3,6,0,7,13,14,5,17,9,5,2,12,5,3,0,2,2,6,5
2023-02-18,Saturday,10,5,4,2,5,0,3,4,12,4,4,7,6,9,4,0,2,0,5,6
2023-02-19,Sunday,2,8,6,0,4,0,16,7,11,2,6,1,0,2,13,0,6,3,10,3
2023-02-20,Monday,2,7,14,0,7,3,7,8,8,0,7,5,4,5,4,0,3,4,7,0
2023-02-21,Tuesday,0,2,14,0,8,6,6,2,6,3,8,5,3,0,11,0,6,3,5,4
2023-02-22,Wednesday,0,0,6,0,0,7,9,2,12,2,6,5,4,5,7,0,11,2,0,10
2023-02-23,Thursday,0,3,10,0,0,6,0,4,7,11,10,7,3,6,10,0,0,4,6,13
2023-02-24,Friday,2,3,3,24,7,0,15,6,19,0,9,4,0,3,13,0,7,8,8,2
2023-02-25,Saturday,0,0,7,0,2,3,15,8,16,7,11,6,3,8,7,0,0,0,8,5
2023-02-26,Sunday,6,0,7,2,0,2,13,7,12,3,3,0,8,0,6,0,0,5,2,2
2023-02-27,Monday,3,5,8,0,0,4,14,15,17,0,18,3,0,14,16,0,0,3,4,4
2023-02-28,Tuesday,8,8,9,0,2,7,10,7,17,1,4,10,3,2,8,0,2,5,2,2
2023-03-01,Wednesday,6,4,6,0,8,4,4,2,17,0,11,1,0,0,12,0,14,5,4,2
2023-03-02,Thursday,0,2,7,0,2,3,4,6,9,2,12,0,2,4,12,0,2,5,9,5
2023-03-03,Friday,2,0,8,2,11,5,7,12,6,6,6,2,2,2,7,0,5,3,0,6
2023-03-04,Saturday,0,2,11,0,0,18,4,6,4,9,8,0,3,4,10,0,2,0,9,4
2023-03-05,Sunday,8,1,4,0,2,8,7,2,12,2,5,9,2,1,4,0,2,0,4,0
2023-03-06,Monday,2,3,2,0,8,5,13,8,12,3,9,0,4,13,7,0,0,0,9,2
2023-03-07,Tuesday,4,0,0,3,2,12,7,4,12,0,8,0,2,3,6,0,2,0,2,0
2023-03-08,Wednesday,2,3,6,2,8,7,2,5,17,2,13,2,1,8,6,0,4,5,5,0
2023-03-09,Thursday,3,0,4,0,5,2,16,7,21,1,9,0,4,2,2,0,0,0,2,2
2023-03-10,Friday,2,0,3,3,11,9,14,4,18,0,11,6,8,0,5,0,5,0,19,0
2023-03-11,Saturday,2,3,4,0,6,0,9,6,23,0,10,2,4,7,2,0,4,0,7,4
2023-03-12,Sunday,0,0,17,0,0,5,10,3,13,2,8,2,2,4,3,0,4,0,2,4
2023-03-13,Monday,8,7,9,3,5,4,4,0,12,0,15,0,0,2,6,0,0,0,8,0
2023-03-14,Tuesday,0,6,2,0,4,5,15,5,10,2,6,0,6,4,6,0,4,0,5,4
2023-03-15,Wednesday,6,2,11,0,2,6,10,6,9,0,4,7,11,4,7,0,8,0,12,0
2023-03-16,Thursday,0,0,8,0,5,0,2,4,8,2,16,7,5,2,11,0,3,6,12,2
2023-03-17,Friday,4,0,5,0,4,5,5,6,13,0,9,2,4,7,14,0,0,2,6,9
2023-03-18,Saturday,1,3,0,0,2,4,10,8,15,2,5,8,2,2,13,0,8,4,3,1
2023-03-19,Sunday,0,2,2,0,2,6,9,0,4,0,10,8,3,4,7,0,0,9,1,4
2023-03-20,Monday,3,4,10,0,0,8,8,11,26,0,4,0,1,0,4,0,0,2,2,5
2023-03-21,Tuesday,3,4,5,0,6,7,5,6,28,6,2,0,0,0,7,0,2,0,4,7
2023-03-22,Wednesday,0,9,8,0,3,7,6,6,24,2,11,7,0,10,2,0,2,2,4,2
2023-03-23,Thursday,0,2,2,0,0,6,11,5,19,6,9,6,3,0,0,0,10,2,7,3
2023-03-24,Friday,0,4,9,0,6,3,5,10,19,3,7,3,2,3,8,0,3,2,2,4
2023-03-25,Saturday,9,0,1,0,1,11,9,10,14,0,12,0,2,4,7,0,0,0,11,0
2023-03-26,Sunday,5,2,3,5,4,2,1,2,4,0,2,3,0,4,4,0,5,0,7,3
2023-03-27,Monday,8,2,11,0,1,4,11,2,17,2,15,5,6,7,6,0,0,0,6,4
2023-03-28,Tuesday,0,7,7,0,0,4,2,4,6,5,8,8,7,2,11,0,3,0,7,2
2023-03-29,Wednesday,9,2,0,0,5,4,4,9,10,4,10,0,0,7,10,0,2,5,3,6
2023-03-30,Thursday,0,2,6,0,0,0,12,7,10,5,11,7,3,7,10,0,0,0,7,0
2023-03-31,Friday,0,2,12,2,2,0,4,11,11,8,16,8,7,5,11,0,9,1,8,2
2023-04-01,Saturday,13,0,4,0,13,5,2,2,10,4,14,0,0,6,13,0,2,2,0,3
2023-04-02,Sunday,0,4,1,1,7,2,6,0,12,0,2,6,2,0,6,0,0,2,12,3
2023-04-03,Monday,0,2,8,0,6,2,10,0,14,4,6,3,7,2,6,0,6,0,2,0
2023-04-04,Tuesday,2,7,4,0,15,5,1,2,23,0,4,2,2,0,8,0,0,4,2,0
2023-04-05,Wednesday,0,9,4,1,4,0,11,6,4,0,8,3,7,2,5,0,2,5,16,0
2023-04-06,Thursday,0,0,3,0,0,2,5,4,10,0,4,2,5,2,11,0,0,2,12,2
2023-04-07,Friday,0,4,0,0,2,4,0,0,4,0,3,0,3,2,8,0,0,2,0,3
2023-04-08,Saturday,0,0,10,0,2,0,7,0,7,4,8,5,5,0,2,0,2,0,0,0
2023-04-09,Sunday,3,2,6,0,0,3,12,3,8,0,8,0,13,8,3,0,3,0,3,1
2023-04-10,Monday,3,2,8,2,4,5,4,4,6,2,4,0,2,4,5,0,0,0,2,5
2023-04-11,Tuesday,2,4,12,0,4,5,11,4,10,2,0,2,7,6,10,0,3,0,6,0
2023-04-12,Wednesday,6,2,7,0,3,4,1,4,16,11,8,4,4,4,16,0,7,4,9,10
2023-04-13,Thursday,0,4,16,0,0,2,8,5,8,2,9,2,5,7,5,0,11,7,8,4
2023-04-14,Friday,2,6,6,0,0,2,1,6,17,3,8,10,0,5,11,0,10,2,0,5
2023-04-15,Saturday,0,7,15,0,11,10,6,10,12,9,11,3,2,5,17,0,5,8,2,5
2023-04-16,Sunday,1,9,5,2,4,7,7,5,12,6,5,8,1,2,2,0,1,8,2,0
2023-04-17,Monday,0,11,2,0,3,5,2,8,31,4,5,0,2,0,7,0,0,2,6,6
2023-04-18,Tuesday,0,10,8,0,0,2,5,4,17,3,4,9,0,3,7,0,5,2,8,5
2023-04-19,Wednesday,0,5,0,0,1,2,6,4,15,3,4,0,9,9,3,0,4,1,4,0
2023-04-20,Thursday,2,0,6,0,8,4,0,10,14,0,3,4,5,6,5,0,9,3,4,5
2023-04-21,Friday,2,0,8,0,2,8,4,5,19,3,6,2,4,4,7,0,10,0,1,2
2023-04-22,Saturday,2,6,8,0,8,2,27,11,17,4,0,7,5,10,16,0,2,2,5,0
2023-04-23,Sunday,9,2,15,0,0,5,4,3,9,5,4,2,5,0,5,0,0,0,6,0
2023-04-24,Monday,0,3,7,0,0,3,8,2,9,2,7,2,1,0,3,0,3,3,4,2
2023-04-25,Tuesday,0,5,3,2,2,5,0,4,15,0,15,4,3,2,6,0,4,3,2,0
2023-04-26,Wednesday,0,3,9,0,0,2,2,7,6,4,8,0,3,4,4,0,0,3,5,2
2023-04-27,Thursday,0,6,2,0,10,2,4,8,13,5,5,4,8,0,9,0,3,2,4,2
2023-04-28,Friday,2,0,4,0,4,4,21,10,20,0,9,4,14,3,11,0,8,9,5,0
2023-04-29,Saturday,2,10,3,0,5,15,2,2,19,1,7,9,2,0,10,0,2,4,6,5
2023-04-30,Sunday,2,2,0,0,2,0,11,9,21,0,0,6,8,2,5,0,2,4,3,1
2023-05-01,Monday,0,1,5,0,0,3,10,5,3,3,0,0,8,0,2,0,3,4,6,0
2023-05-02,Tuesday,7,0,0,0,2,8,7,12,12,2,12,2,0,6,5,0,4,10,9,6
2023-05-03,Wednesday,5,3,4,0,2,5,6,4,12,7,10,3,6,2,11,0,5,7,4,5
2023-05-04,Thursday,7,2,0,0,6,2,0,0,9,3,0,4,3,5,14,0,9,4,10,4
2023-05-05,Friday,3,0,4,0,3,0,4,4,15,0,2,0,3,4,4,0,7,1,10,6
2023-05-06,Saturday,1,3,3,0,7,3,9,8,19,0,5,6,2,5,5,0,3,0,4,0
2023-05-07,Sunday,2,2,10,0,3,4,13,4,15,5,2,0,6,3,5,0,5,2,10,5
2023-05-08,Monday,0,2,11,0,0,4,12,10,6,4,5,0,5,0,10,0,9,3,0,9
2023-05-09,Tuesday,0,2,6,0,5,0,16,7,13,4,5,0,5,8,15,0,2,0,13,3
2023-05-10,Wednesday,0,6,6,0,0,6,11,3,18,0,4,2,3,4,2,0,4,11,4,2
2023-05-11,Thursday,7,4,9,0,4,4,2,3,24,3,3,2,5,1,12,0,6,4,2,7
2023-05-12,Friday,0,2,10,0,2,2,18,2,16,2,8,4,2,0,14,0,7,3,5,1
2023-05-13,Saturday,0,0,11,2,3,7,15,6,16,9,9,3,2,1,8,0,2,2,7,2
2023-05-14,Sunday,0,3,8,0,2,2,0,6,24,2,3,2,8,0,7,0,0,2,2,6
2023-05-15,Monday,4,4,7,0,3,0,2,9,6,4,3,11,7,0,9,0,12,5,3,3
2023-05-16,Tuesday,0,2,9,0,0,2,10,4,9,2,4,3,2,4,4,0,4,7,8,4
2023-05-17,Wednesday,0,7,10,0,0,6,13,5,2,0,5,5,0,0,12,0,3,3,5,0
2023-05-18,Thursday,3,7,7,0,6,0,10,5,10,3,14,0,8,0,11,0,0,4,7,2
2023-05-19,Friday,4,7,9,0,5,2,12,6,11,4,10,0,7,3,17,0,0,1,7,3
2023-05-20,Saturday,0,3,7,0,5,9,9,1,14,8,0,2,4,6,14,0,2,16,5,0
2023-05-21,Sunday,0,3,0,2,0,3,6,5,6,0,7,0,0,2,6,0,4,2,0,5
2023-05-22,Monday,7,0,6,0,0,0,8,3,10,0,3,0,9,2,3,0,0,0,3,5
2023-05-23,Tuesday,4,1,11,0,0,4,13,4,6,2,5,2,4,6,3,0,5,4,6,2
2023-05-24,Wednesday,0,7,4,0,0,4,13,4,7,2,7,0,4,3,10,0,2,2,0,0
2023-05-25,Thursday,6,7,2,0,5,2,8,11,8,2,8,6,7,3,4,0,2,7,3,0
2023-05-26,Friday,0,5,15,0,2,2,5,6,9,3,16,3,2,2,4,0,16,0,5,10
2023-05-27,Saturday,0,3,13,0,0,8,8,6,20,0,14,5,2,6,10,0,4,10,3,2
2023-05-28,Sunday,2,2,6,0,2,15,6,8,0,0,3,0,1,0,5,0,2,6,4,4
2023-05-29,Monday,0,5,10,0,0,7,15,7,9,0,6,1,0,3,3,0,7,4,1,2
2023-05-30,Tuesday,5,2,11,0,2,0,10,5,12,4,8,2,11,9,0,0,4,0,5,0
2023-05-31,Wednesday,0,3,7,0,6,4,10,7,16,0,10,5,5,8,11,0,8,7,4,4
2023-06-01,Thursday,8,6,0,2,0,2,15,10,13,0,2,2,2,2,9,0,12,5,11,3
2023-06-02,Friday,2,4,6,0,6,2,11,14,11,6,8,2,5,0,16,0,0,0,0,7
2023-06-03,Saturday,5,0,17,0,0,6,4,17,30,4,4,4,7,8,5,0,10,9,12,2
2023-06-04,Sunday,2,2,9,0,0,0,7,5,19,1,3,1,0,3,2,0,0,3,3,6
2023-06-05,Monday,1,6,17,0,4,2,2,4,13,4,1,0,7,7,3,0,4,2,3,2
2023-06-06,Tuesday,4,5,0,0,6,15,8,14,10,6,4,6,2,6,11,0,0,7,2,3
2023-06-07,Wednesday,8,2,7,0,4,4,2,7,12,3,2,2,9,2,14,0,0,2,2,0
2023-06-08,Thursday,8,4,5,2,5,1,3,4,17,4,6,2,2,8,4,0,4,5,2,5
2023-06-09,Friday,2,2,5,0,3,6,18,2,19,4,11,2,3,6,6,0,9,6,0,9
2023-06-10,Saturday,3,2,10,0,3,9,2,0,6,4,5,0,2,3,13,0,11,6,4,4
2023-06-11,Sunday,1,3,1,1,2,8,6,2,23,4,4,1,6,0,5,0,0,0,5,2
2023-06-12,Monday,0,2,0,0,5,8,8,2,6,5,8,7,0,2,6,0,1,2,5,0
2023-06-13,Tuesday,0,10,2,0,1,5,8,7,24,0,7,6,9,4,17,0,6,3,4,2
2023-06-14,Wednesday,2,0,11,6,5,0,8,11,15,2,4,6,3,0,11,0,2,9,2,2
2023-06-15,Thursday,3,2,9,2,4,0,19,3,8,8,2,6,4,9,14,0,1,0,2,2
2023-06-16,Friday,3,2,12,0,7,5,4,7,20,6,2,5,6,4,6,0,2,0,7,3
2023-06-17,Saturday,3,5,9,0,2,4,13,6,11,5,2,2,0,2,16,0,4,5,4,2
2023-06-18,Sunday,1,0,4,0,2,10,4,10,12,0,3,4,0,2,0,0,2,3,6,7
2023-06-19,Monday,0,6,10,0,3,2,0,2,15,4,7,0,0,4,7,0,0,0,3,0
2023-06-20,Tuesday,2,6,0,0,2,7,2,5,13,3,5,5,3,11,6,0,5,0,2,6
2023-06-21,Wednesday,3,4,6,2,8,0,2,8,13,0,7,0,1,8,6,0,0,0,6,2
2023-06-22,Thursday,2,5,8,0,5,0,7,4,23,12,6,4,3,0,2,0,0,4,2,0
2023-06-23,Friday,4,2,2,0,3,4,4,2,11,4,12,2,0,7,15,0,0,3,5,4
2023-06-24,Saturday,2,6,2,0,5,9,11,7,13,2,12,6,8,3,11,0,4,2,9,0
2023-06-25,Sunday,0,3,22,0,10,5,12,2,18,6,6,0,15,2,10,0,13,9,10,5
2023-06-26,Monday,0,6,8,0,7,8,10,6,11,6,15,4,2,4,12,0,3,2,10,4
2023-06-27,Tuesday,0,3,2,0,3,4,6,1,16,4,7,5,11,0,12,0,9,3,3,4
2023-06-28,Wednesday,2,0,12,0,0,5,6,11,11,5,14,3,2,2,7,0,0,0,11,0
2023-06-29,Thursday,5,5,6,0,0,0,8,0,10,2,7,7,2,0,13,0,8,2,4,0
2023-06-30,Friday,2,7,4,0,2,2,11,2,6,6,10,8,2,2,11,0,5,0,5,2
2023-07-01,Saturday,0,9,6,2,0,9,7,2,15,5,15,6,2,5,13,0,2,3,1,3
2023-07-02,Sunday,6,0,6,0,0,3,4,3,11,2,2,0,0,0,12,0,3,4,4,0
2023-07-03,Monday,0,5,4,0,0,2,8,0,9,2,0,0,3,2,5,0,2,4,4,0
2023-07-04,Tuesday,0,1,5,0,0,0,5,7,9,0,11,4,3,2,6,0,5,10,5,1
2023-07-05,Wednesday,0,2,3,0,0,13,3,0,21,0,11,0,0,2,4,0,4,2,4,1
2023-07-06,Thursday,0,6,4,0,4,6,2,7,14,2,9,6,5,2,8,0,4,3,0,0
2023-07-07,Friday,2,2,10,0,2,4,7,2,24,0,6,0,6,3,2,0,3,3,0,6
2023-07-08,Saturday,3,5,2,0,2,3,9,11,3,0,1,7,4,1,11,0,0,2,8,2
2023-07-09,Sunday,2,0,4,0,3,2,8,5,20,0,2,5,12,0,7,0,0,3,0,7
2023-07-10,Monday,5,2,9,1,0,4,2,8,12,2,0,4,1,9,10,0,4,0,5,4
2023-07-11,Tuesday,2,2,2,0,0,1,11,2,5,4,13,5,27,2,17,0,5,2,6,2
2023-07-12,Wednesday,4,0,2,0,5,2,15,2,11,4,2,4,4,2,5,0,3,0,2,6
2023-07-13,Thursday,0,0,2,0,6,4,11,15,37,3,0,2,0,0,2,0,3,4,7,0
2023-07-14,Friday,2,2,8,0,8,2,4,4,10,7,2,8,13,5,7,0,8,3,8,5
2023-07-15,Saturday,7,2,8,0,5,8,9,2,21,2,12,2,2,5,5,0,1,4,2,2
2023-07-16,Sunday,0,0,15,0,0,8,9,5,16,0,4,3,4,5,5,0,10,6,10,2
2023-07-17,Monday,5,2,0,0,10,5,10,3,1,4,5,1,7,0,16,0,3,3,8,0
2023-07-18,Tuesday,3,4,8,0,6,4,15,14,17,10,3,9,5,6,2,0,3,7,8,0
2023-07-19,Wednesday,0,5,14,0,7,0,5,8,16,5,10,3,0,0,2,0,4,7,8,7
2023-07-20,Thursday,3,11,6,0,1,4,6,4,15,0,0,3,0,1,4,0,3,3,2,8
2023-07-21,Friday,0,5,7,0,1,5,15,1,15,0,6,5,4,0,11,0,7,2,4,3
2023-07-22,Saturday,0,10,2,0,2,5,10,2,17,2,0,7,2,4,1,0,6,6,6,0
2023-07-23,Sunday,0,1,12,0,0,2,5,4,14,0,3,6,5,5,2,0,6,0,3,3
2023-07-24,Monday,7,2,0,0,2,3,2,7,6,2,0,2,3,6,10,0,2,10,4,1
2023-07-25,Tuesday,0,2,2,0,7,2,4,6,9,2,6,2,9,4,16,0,0,0,0,6
2023-07-26,Wednesday,2,4,2,0,2,5,0,6,13,6,13,0,10,6,6,0,1,4,8,2
2023-07-27,Thursday,3,9,4,0,4,7,2,4,12,3,3,6,7,0,11,0,4,2,2,0
2023-07-28,Friday,0,2,1,0,0,2,3,3,25,5,7,2,0,2,2,0,14,2,7,5
2023-07-29,Saturday,10,2,2,0,2,6,12,10,11,2,4,6,5,8,10,0,2,5,2,4
2023-07-30,Sunday,1,0,21,0,2,5,1,3,9,4,8,3,2,7,6,0,3,2,8,6
2023-07-31,Monday,2,0,0,0,0,4,8,6,19,0,7,0,0,4,1,0,5,2,7,4
2023-08-01,Tuesday,0,0,4,0,0,5,13,10,14,0,2,2,2,1,6,0,9,7,0,2
2023-08-02,Wednesday,0,2,5,2,0,0,4,4,9,2,10,3,7,0,5,0,4,4,4,7
2023-08-03,Thursday,3,2,4,0,0,12,7,8,3,0,4,2,6,5,11,0,2,0,2,2
2023-08-04,Friday,2,4,4,0,0,6,9,0,14,2,14,0,8,5,8,0,4,0,4,4
2023-08-05,Saturday,0,4,7,4,0,7,14,4,3,9,0,9,10,0,13,0,2,7,5,2
2023-08-06,Sunday,0,5,6,0,0,9,6,3,8,7,0,6,0,2,5,0,0,0,6,7
2023-08-07,Monday,7,2,4,0,3,0,4,10,4,2,2,10,2,0,13,0,7,7,2,4
2023-08-08,Tuesday,7,8,2,0,0,6,15,6,9,8,2,0,0,10,4,0,6,3,6,5
2023-08-09,Wednesday,0,0,12,0,0,4,18,6,23,0,2,4,2,2,9,0,4,0,10,0
2023-08-10,Thursday,0,7,8,2,6,3,9,15,10,2,7,0,2,3,9,0,8,2,0,6
2023-08-11,Friday,2,3,10,0,4,0,6,0,4,8,2,5,2,2,7,0,5,6,6,4
2023-08-12,Saturday,7,7,1,0,0,4,14,0,8,5,15,8,2,6,7,0,3,3,5,2
2023-08-13,Sunday,2,0,11,2,0,3,14,3,11,0,2,7,0,1,6,0,2,2,5,0
2023-08-14,Monday,7,7,13,0,0,4,8,8,5,3,4,5,2,5,9,0,11,0,6,9
2023-08-15,Tuesday,7,0,12,0,5,6,11,2,4,2,8,10,0,2,7,0,3,2,0,0
2023-08-16,Wednesday,0,8,3,0,1,6,14,10,19,0,17,0,8,1,8,0,0,6,2,0
2023-08-17,Thursday,3,8,7,0,0,5,7,4,9,0,17,7,0,8,18,0,0,0,2,0
2023-08-18,Friday,2,2,3,4,3,6,9,2,9,0,1,5,4,0,6,0,6,3,9,12
2023-08-19,Saturday,0,3,2,0,4,6,11,8,18,8,6,0,2,6,8,0,2,0,7,2
2023-08-20,Sunday,0,2,4,0,2,4,8,0,11,2,4,3,3,0,6,4,2,0,1,1
2023-08-21,Monday,0,2,4,0,2,0,7,5,5,2,5,0,0,0,2,0,3,2,12,1
2023-08-22,Tuesday,0,0,4,0,4,10,3,4,13,8,2,1,3,0,8,0,5,12,9,4
2023-08-23,Wednesday,2,5,15,3,3,5,11,12,9,0,3,8,1,8,16,0,0,3,14,2
2023-08-24,Thursday,2,3,15,0,0,2,18,4,11,0,6,0,0,3,6,0,0,0,2,0
2023-08-25,Friday,4,7,13,0,4,0,21,11,16,2,5,2,12,3,8,0,12,7,9,0
2023-08-26,Saturday,0,2,3,0,2,6,14,6,19,9,8,3,6,0,24,0,20,4,6,10
2023-08-27,Sunday,8,0,9,0,0,5,4,0,17,8,6,5,3,2,4,0,13,9,0,2
2023-08-28,Monday,2,3,9,0,8,4,6,2,6,3,4,0,4,0,11,0,0,7,2,2
2023-08-29,Tuesday,2,2,3,0,3,6,14,0,20,2,0,12,3,0,6,0,11,2,1,2
2023-08-30,Wednesday,0,0,11,4,0,8,11,0,5,1,6,2,5,2,4,0,7,2,0,0
2023-08-31,Thursday,3,5,7,0,0,6,9,2,22,8,2,6,5,6,2,0,10,0,2,0
2023-09-01,Friday,4,7,11,0,6,12,11,0,15,6,10,5,0,1,1,0,10,2,6,2
2023-09-02,Saturday,2,0,8,3,2,2,12,6,12,8,3,9,4,2,8,0,4,0,2,7
2023-09-03,Sunday,3,0,8,0,0,0,0,4,12,0,13,0,5,3,15,0,9,4,5,5
2023-09-04,Monday,0,0,4,0,1,8,14,9,3,0,9,0,5,4,5,0,10,4,0,4
2023-09-05,Tuesday,0,0,3,0,2,2,6,8,7,0,8,0,0,5,6,0,3,2,3,6
2023-09-06,Wednesday,0,6,3,0,5,4,11,4,18,3,13,1,6,9,7,0,2,5,0,0
2023-09-07,Thursday,0,0,14,2,3,6,13,7,4,5,11,2,2,4,4,0,3,0,1,0
2023-09-08,Friday,2,2,5,0,7,1,3,9,21,6,7,2,8,0,9,0,10,5,5,0
2023-09-09,Saturday,2,3,1,0,6,4,7,7,9,7,7,0,2,6,0,0,5,3,4,0
2023-09-10,Sunday,2,3,0,0,5,6,6,3,16,0,6,0,10,2,8,0,3,4,9,2
2023-09-11,Monday,0,0,5,0,9,4,9,5,23,6,10,5,6,2,8,0,0,3,4,0
2023-09-12,Tuesday,7,0,5,0,7,7,4,3,12,0,9,2,2,2,8,0,0,4,9,0
2023-09-13,Wednesday,2,2,8,2,3,0,8,5,18,2,21,6,7,2,4,0,8,4,6,4
2023-09-14,Thursday,4,7,5,2,4,1,14,9,11,2,2,3,5,8,0,0,0,0,0,1
2023-09-15,Friday,2,7,2,2,3,9,4,9,14,4,0,2,0,1,11,0,5,1,7,0
2023-09-16,Saturday,3,0,16,0,5,8,7,6,12,0,9,4,3,0,2,0,1,2,2,0
2023-09-17,Sunday,1,4,4,0,4,7,2,1,8,6,3,3,2,2,12,0,2,3,5,8
2023-09-18,Monday,2,0,5,0,2,0,13,0,27,5,0,7,12,13,6,0,5,4,1,0
2023-09-19,Tuesday,2,7,6,2,2,7,12,6,12,0,1,3,0,2,8,0,0,7,15,0
2023-09-20,Wednesday,0,4,4,0,0,9,4,14,8,2,6,4,2,2,8,0,9,2,4,2
2023-09-21,Thursday,2,0,0,0,0,5,4,5,12,0,0,5,4,10,6,2,2,1,0,2
2023-09-22,Friday,3,0,5,2,7,0,8,6,6,4,13,6,11,0,6,0,3,3,2,7
2023-09-23,Saturday,6,6,9,0,0,5,8,3,17,10,9,1,5,0,4,0,4,0,10,8
2023-09-24,Sunday,2,9,8,0,2,4,12,1,10,0,3,0,7,3,3,0,2,3,0,5
2023-09-25,Monday,0,0,2,0,0,7,25,6,24,2,11,2,5,2,4,0,2,2,0,2
2023-09-26,Tuesday,8,4,13,0,2,1,10,5,12,4,2,2,7,2,6,0,0,2,4,4
2023-09-27,Wednesday,4,2,4,2,4,10,4,2,8,7,2,6,0,0,12,0,2,3,3,7
2023-09-28,Thursday,4,7,16,1,3,2,3,8,6,5,16,10,2,0,8,0,4,1,4,7
2023-09-29,Friday,6,8,9,0,2,5,13,12,19,8,10,5,8,3,13,0,5,8,8,1
2023-09-30,Saturday,0,9,13,0,6,6,9,11,29,0,13,4,2,15,14,0,7,3,6,0
2023-10-01,Sunday,2,8,7,0,0,10,11,10,10,4,4,5,0,0,5,0,0,0,2,5
2023-10-02,Monday,0,4,6,0,6,7,3,8,9,2,13,3,4,0,11,0,0,2,0,3
2023-10-03,Tuesday,7,2,8,0,10,4,10,6,22,0,5,6,2,3,10,0,0,4,11,4
2023-10-04,Wednesday,3,4,2,0,4,7,8,4,8,0,5,0,5,2,7,0,5,2,3,2
2023-10-05,Thursday,6,6,15,0,0,4,4,0,8,0,11,2,4,4,9,0,3,0,3,5
2023-10-06,Friday,2,4,10,4,0,3,18,6,16,5,6,0,0,8,12,0,2,6,11,3
2023-10-07,Saturday,5,2,14,0,2,0,9,6,4,2,15,0,7,0,11,0,7,2,9,7
2023-10-08,Sunday,0,0,6,0,3,5,7,2,18,0,5,2,4,6,6,0,4,2,1,3
2023-10-09,Monday,2,0,7,0,2,4,6,2,10,4,9,4,3,0,6,0,2,3,0,2
2023-10-10,Tuesday,0,2,0,0,3,0,7,2,0,3,6,0,0,0,5,0,2,0,7,4
2023-10-11,Wednesday,0,1,7,0,2,4,7,10,11,4,13,4,0,9,6,0,6,2,2,2
2023-10-12,Thursday,0,4,12,0,2,6,6,5,10,0,8,0,4,4,10,0,7,0,5,7
2023-10-13,Friday,0,0,8,0,1,0,2,2,24,0,4,8,7,6,11,0,4,5,4,2
2023-10-14,Saturday,5,0,5,0,0,7,9,7,17,6,15,2,3,5,7,0,3,0,6,0
2023-10-15,Sunday,5,0,6,0,2,3,2,2,15,0,1,0,2,8,3,0,5,4,3,3
2023-10-16,Monday,2,2,7,0,3,0,16,2,6,0,9,0,0,0,3,0,3,0,0,0
2023-10-17,Tuesday,5,3,7,0,2,5,10,2,11,7,7,6,3,5,6,0,5,6,0,0
2023-10-18,Wednesday,0,6,0,0,2,0,7,6,11,0,2,8,2,4,9,0,5,0,5,0
2023-10-19,Thursday,0,1,0,0,5,9,2,5,12,2,3,3,0,2,14,0,5,3,7,5
2023-10-20,Friday,4,2,6,0,3,2,17,5,10,9,2,2,12,6,10,0,13,5,18,0
2023-10-21,Saturday,0,5,10,0,4,8,8,3,6,0,7,5,4,0,0,0,4,10,11,6
2023-10-22,Sunday,0,4,6,0,0,2,6,0,15,0,4,2,1,4,3,0,3,2,6,2
2023-10-23,Monday,0,12,3,0,2,3,4,5,4,6,4,0,2,10,6,0,2,6,7,0
2023-10-24,Tuesday,2,0,13,3,12,8,6,4,4,5,5,4,2,0,13,0,2,1,2,0
2023-10-25,Wednesday,0,0,14,0,2,2,15,12,7,10,8,2,2,2,19,0,2,3,2,4
2023-10-26,Thursday,0,5,14,0,13,12,6,0,10,5,9,0,5,0,4,0,0,2,6,1
2023-10-27,Friday,0,0,2,0,0,8,7,5,23,4,9,4,7,6,11,0,3,4,3,0
2023-10-28,Saturday,0,0,7,0,6,11,13,8,9,2,4,3,4,6,8,0,4,5,8,2
2023-10-29,Sunday,0,4,11,2,2,0,3,0,8,3,6,3,0,4,4,0,2,6,8,0
2023-10-30,Monday,7,0,8,0,2,9,6,2,8,0,4,5,0,0,7,0,4,5,3,2
2023-10-31,Tuesday,4,4,13,0,5,2,9,3,7,6,4,5,8,2,3,0,0,5,10,3
2023-11-01,Wednesday,2,2,16,2,0,6,25,15,10,2,10,1,10,2,4,0,4,3,2,7
2023-11-02,Thursday,6,4,7,0,0,13,9,5,4,9,7,2,0,2,2,0,4,0,8,6
2023-11-03,Friday,0,2,8,0,2,4,10,6,22,2,6,0,5,0,14,0,6,4,6,0
2023-11-04,Saturday,2,0,4,0,6,6,7,4,14,3,4,2,2,7,5,0,5,5,7,4
2023-11-05,Sunday,0,2,4,0,0,7,9,5,3,3,2,0,0,2,13,0,5,7,4,4
2023-11-06,Monday,0,0,2,0,1,3,7,6,5,2,2,3,4,0,7,0,0,3,0,5
2023-11-07,Tuesday,0,8,13,0,3,4,8,11,6,3,20,4,9,4,2,0,4,6,0,2
2023-11-08,Wednesday,6,11,11,1,2,3,3,4,14,3,2,0,0,0,4,0,11,4,4,4
2023-11-09,Thursday,1,0,2,0,6,5,16,4,8,2,11,5,8,3,8,0,4,11,5,0
2023-11-10,Friday,2,2,2,0,4,10,8,12,16,0,11,9,7,4,5,0,9,6,2,2
2023-11-11,Saturday,0,9,13,0,7,7,6,2,16,7,6,4,2,9,2,0,6,5,8,0
2023-11-12,Sunday,0,0,5,0,3,5,5,0,9,0,7,1,0,7,14,0,0,0,7,4
2023-11-13,Monday,4,3,2,0,0,0,11,0,10,4,5,0,7,5,9,0,0,0,7,0
2023-11-14,Tuesday,3,4,8,0,0,6,5,6,12,4,6,2,5,2,0,0,3,3,0,2
2023-11-15,Wednesday,2,4,13,0,2,7,0,4,6,5,2,3,2,4,7,0,7,0,0,0
2023-11-16,Thursday,0,0,4,2,2,4,10,9,20,5,12,8,0,2,8,0,4,5,7,6
2023-11-17,Friday,3,5,4,0,0,3,13,3,7,8,14,6,4,4,12,0,8,6,0,2
2023-11-18,Saturday,3,3,7,0,5,10,6,9,10,0,13,2,5,4,19,0,1,0,4,2
2023-11-19,Sunday,5,4,7,0,3,2,4,9,10,0,6,3,0,9,5,0,12,0,0,0
2023-11-20,Monday,0,0,10,0,2,0,4,7,9,7,0,2,8,5,4,0,6,0,5,2
2023-11-21,Tuesday,2,0,9,2,9,3,11,9,8,0,6,0,6,0,6,0,10,6,4,0
2023-11-22,Wednesday,3,5,4,0,0,0,14,0,13,0,7,4,5,1,5,0,5,2,2,0
2023-11-23,Thursday,3,2,5,0,5,2,12,6,13,12,17,7,2,2,7,0,0,2,3,0
2023-11-24,Friday,4,0,7,0,1,3,13,2,8,8,15,0,2,5,14,0,5,11,13,8
2023-11-25,Saturday,0,0,9,2,2,0,10,4,19,2,4,3,7,3,11,0,1,5,3,0
2023-11-26,Sunday,5,4,9,2,0,7,11,7,7,4,4,3,0,0,3,0,0,2,3,6
2023-11-27,Monday,0,3,0,2,5,2,8,4,16,13,10,5,2,10,11,0,3,0,9,2
2023-11-28,Tuesday,0,0,10,0,2,8,11,5,16,0,21,2,7,0,6,0,0,2,3,2
2023-11-29,Wednesday,0,8,0,0,0,0,6,6,12,0,12,7,9,4,12,0,0,0,2,6
2023-11-30,Thursday,2,0,11,0,4,10,13,5,6,2,0,5,2,0,6,0,7,1,0,2
2023-12-01,Friday,5,3,5,0,2,5,9,7,19,10,5,16,0,2,8,0,7,5,14,4
2023-12-02,Saturday,2,5,6,4,1,4,16,9,19,5,8,10,4,0,14,0,16,6,4,2
2023-12-03,Sunday,1,2,6,3,3,6,0,6,11,5,5,2,3,0,4,0,0,0,0,0
2023-12-04,Monday,0,9,9,0,4,5,20,9,11,0,7,11,6,2,4,0,0,4,2,4
2023-12-05,Tuesday,4,2,4,0,0,0,4,6,7,2,9,0,2,0,13,0,8,0,12,2
2023-12-06,Wednesday,3,8,2,0,0,3,13,3,3,7,10,2,0,0,17,0,2,2,6,2
2023-12-07,Thursday,7,0,8,0,2,6,4,7,11,7,4,1,3,4,5,0,0,0,11,16
2023-12-08,Friday,0,0,0,0,2,8,6,5,11,7,5,2,4,0,8,0,3,3,8,11
2023-12-09,Saturday,0,4,5,6,0,7,2,2,10,7,24,6,5,0,13,0,2,0,3,7
2023-12-10,Sunday,0,2,5,0,2,14,1,6,11,0,3,9,2,0,12,0,5,6,0,2
2023-12-11,Monday,1,3,6,2,5,2,7,6,8,0,6,5,5,2,6,0,11,0,3,9
2023-12-12,Tuesday,3,2,8,4,1,3,10,5,11,2,4,4,5,8,10,0,4,0,10,3
2023-12-13,Wednesday,0,4,4,3,4,2,4,12,5,5,11,2,0,3,3,0,0,2,11,0
2023-12-14,Thursday,0,13,5,2,4,3,6,0,12,6,7,0,7,1,1,0,2,3,6,0
2023-12-15,Friday,0,2,6,0,0,3,5,5,11,2,4,2,4,3,12,0,15,15,2,0
2023-12-16,Saturday,2,41,11,1,4,0,14,8,11,6,9,4,5,0,0,0,3,0,6,0
2023-12-17,Sunday,0,4,0,0,1,7,3,2,19,0,12,4,0,6,3,0,0,2,0,12
2023-12-18,Monday,1,0,3,0,3,1,13,0,24,3,6,2,7,0,10,0,4,0,5,4
2023-12-19,Tuesday,2,6,10,0,2,5,0,3,20,5,11,4,4,0,6,0,3,4,6,2
2023-12-20,Wednesday,2,0,15,0,0,5,7,6,20,4,9,5,6,3,0,0,9,0,6,6
2023-12-21,Thursday,2,4,5,4,5,2,14,5,14,4,4,4,0,4,5,0,0,2,1,4
2023-12-22,Friday,2,2,1,0,3,13,4,13,10,4,9,2,0,3,3,0,8,1,4,0
2023-12-23,Saturday,2,0,6,0,6,13,9,2,8,2,4,2,3,0,4,0,2,4,2,5
2023-12-24,Sunday,2,0,13,0,2,6,8,5,7,0,4,0,4,0,11,0,0,3,5,5
2023-12-25,Monday,0,0,7,2,2,4,0,2,16,3,6,0,0,0,13,0,0,6,0,3
2023-12-26,Tuesday,0,0,4,4,0,1,2,6,11,3,1,3,4,3,5,0,2,9,5,0
2023-12-27,Wednesday,0,0,2,0,5,9,5,12,17,0,3,4,11,2,6,0,2,2,2,3
2023-12-28,Thursday,0,5,7,0,0,8,5,5,8,6,4,0,6,2,9,0,4,4,7,0
2023-12-29,Friday,3,0,10,0,0,2,10,5,12,1,4,13,3,7,4,0,5,0,0,5
2023-12-30,Saturday,1,0,5,0,2,0,4,3,5,0,6,0,2,4,4,0,1,0,5,2
2023-12-31,Sunday,2,2,2,0,0,0,3,2,10,1,5,4,2,0,2,0,1,2,1,0
